Donor	Karyotype	Sex	X_count	Y_count	SexChr_count	Treatment	Experiment	GTCID	Barcode	Total.Reads	Organism	QC	Kallisto_directory
P47.unstim	P47	45X	F	1	0	1	unstim	HCD4.2	L16_6430	xGenUDI295-ACTTAGATCG-AAGAATTCCG	35625258	Human	PASSED	P47.unstim
C21.unstim	C21	45X	F	1	0	1	unstim	HCD4.4	L16_6432	xGenUDI297-ACCTTCGGAC-ATCTACGGTC	71889415	Human	PASSED	C21.unstim
P47.stim	P47	45X	F	1	0	1	stim	HCD4.2	L16_6433	xGenUDI298-TATCATGTCG-GTGCAGATTA	28448966	Human	PASSED	P47.stim
P5.unstim	P5	45X	F	1	0	1	unstim	HCD4.4	L16_6444	xGenUDI309-TGTTCGCTCT-ACACGCAAGT	60555250	Human	PASSED	P5.unstim
P53.unstim	P53	45X	F	1	0	1	unstim	HCD4.2	L16_6446	xGenUDI311-ACGGCCTACA-TAGAGTGAGA	52492556	Human	PASSED	P53.unstim
P5.stim	P5	45X	F	1	0	1	stim	HCD4.4	L16_6467	xGenUDI332-GTCGACTCCT-GCTAACGGCA	45153700	Human	PASSED	P5.stim
P53.stim	P53	45X	F	1	0	1	stim	HCD4.2	L16_6468	xGenUDI333-CTGAGCTTGT-ACGCAAGAAG	26970795	Human	PASSED	P53.stim
C21.stim	C21	45X	F	1	0	1	stim	HCD4.4	L16_6477	xGenUDI343-GCGAGATGGA-AGTAGAGTGT	50668486	Human	PASSED	C21.stim
C23.stim	C23	46XX	F	2	2	2	stim	HCD4.2	L16_6428	xGenUDI293-ACAAGAACCT-TTCAGTATCG	21299086	Human	PASSED	C23.stim
C15.stim	C15	46XX	F	2	2	2	stim	HCD4.4	L16_6442	xGenUDI307-CTGGAGAATA-GTTGTATGGA	24393936	Human	PASSED	C15.stim
C25.unstim	C25	46XX	F	2	2	2	unstim	HCD4.2	L16_6445	xGenUDI310-AGGTATTCGG-GCGCACATCT	24796143	Human	PASSED	C25.unstim
C15.unstim	C15	46XX	F	2	2	2	unstim	HCD4.4	L16_6452	xGenUDI317-AACATAAGGC-CTAAGCTAAC	27524152	Human	PASSED	C15.unstim
C22.unstim	C22	46XX	F	2	2	2	unstim	HCD4.2	L16_6456	xGenUDI321-CATTGAGCTA-GATGTGAAGT	51139784	Human	PASSED	C22.unstim
C26.unstim	C26	46XX	F	2	2	2	unstim	HCD4.2	L16_6458	xGenUDI323-AACCACACTA-TCAGCAGAGG	47337917	Human	PASSED	C26.unstim
C25.stim	C25	46XX	F	2	2	2	stim	HCD4.2	L16_6464	xGenUDI329-GCTACAGGTC-TCCTGCATAA	27559076	Human	PASSED	C25.stim
C26.stim	C26	46XX	F	2	2	2	stim	HCD4.2	L16_6473	xGenUDI339-CCACGATAAC-GTCAGGCATG	21190279	Human	PASSED	C26.stim
C22.stim	C22	46XX	F	2	2	2	stim	HCD4.2	L16_6475	xGenUDI341-TGGCACGAAC-AAGAGTCAGG	39321267	Human	PASSED	C22.stim
C17.stim	C17	46XY	M	1	1	2	stim	HCD4.2	L16_6427	xGenUDI292-ACTGGCAAGA-ATGGACAACA	25632933	Human	PASSED	C17.stim
P46.unstim	P46	46XY	M	1	1	2	unstim	HCD4.4	L16_6435	xGenUDI300-TCTTAGGTGG-ACCAGTGATC	22393617	Human	PASSED	P46.unstim
C16.stim	C16	46XY	M	1	1	2	stim	HCD4.2	L16_6460	xGenUDI325-ACTTCAACAG-ATGCTCACGC	34464471	Human	PASSED	C16.stim
P46.stim	P46	46XY	M	1	1	2	stim	HCD4.4	L16_6462	xGenUDI327-TCACACGGAT-CGATCAGAAG	64629057	Human	PASSED	P46.stim
C20.unstim	C20	46XY	M	1	1	2	unstim	HCD4.2	L16_6465	xGenUDI330-GCCAAGTAAC-TCATCACGCA	44262738	Human	PASSED	C20.unstim
C16.unstim	C16	46XY	M	1	1	2	unstim	HCD4.2	L16_6469	xGenUDI334-CCTCTGTCAT-AATCGATACG	34508102	Human	PASSED	C16.unstim
C20.stim	C20	46XY	M	1	1	2	stim	HCD4.2	L16_6474	xGenUDI340-CTTGCGAAGA-CCGCGTCATT	39511617	Human	PASSED	C20.stim
P38.unstim	P38	47XXY	M	2	1	3	unstim	HCD4.2	L16_6436	xGenUDI301-TCGACGTTGG-CACACTTATC	39822140	Human	PASSED	P38.unstim
P15.unstim	P15	47XXY	M	2	1	3	unstim	HCD4.4	L16_6438	xGenUDI303-CACGAGAAGT-CTACGCAGAC	58855982	Human	PASSED	P15.unstim
P12.unstim	P12	47XXY	M	2	1	3	unstim	HCD4.4	L16_6440	xGenUDI305-TTCTACCGGC-CTTACGAGTA	96439737	Human	PASSED	P12.unstim
P42.unstim	P42	47XXY	M	2	1	3	unstim	HCD4.2	L16_6449	xGenUDI314-AGGCTGGAGA-ATGACAGTTG	72432723	Human	PASSED	P42.unstim
P15.stim	P15	47XXY	M	2	1	3	stim	HCD4.4	L16_6454	xGenUDI319-AACCGGCCTT-GATCTGAACA	46133185	Human	PASSED	P15.stim
P38.stim	P38	47XXY	M	2	1	3	stim	HCD4.2	L16_6457	xGenUDI322-CTTCGGAATC-CTTACCGACG	39889955	Human	PASSED	P38.stim
P12.stim	P12	47XXY	M	2	1	3	stim	HCD4.4	L16_6466	xGenUDI331-TTGTGAAGGC-GTACTGACGA	43962683	Human	PASSED	P12.stim
P20.unstim	P20	47XXY	M	2	1	3	unstim	HCD4.2	L16_6471	xGenUDI337-CGAGTTCGCA-CATAATCCGG	25577353	Human	PASSED	P20.unstim
P42.stim	P42	47XXY	M	2	1	3	stim	HCD4.2	L16_6476	xGenUDI342-AACGACATCT-ATTCCAAGAC	37690025	Human	PASSED	P42.stim
P22.unstim	P22	47XXY	M	2	1	3	unstim	HCD4.2	L16_6478	xGenUDI344-GTCATCGCGT-TCCTTGTCGG	33814335	Human	PASSED	P22.unstim
P22.stim	P22	47XXY	M	2	1	3	stim	HCD4.2	L16_6480	xGenUDI346-TATCCAGTTC-ACGTAGCTCA	29638607	Human	PASSED	P22.stim
P20.stim	P20	47XXY	M	2	1	3	stim	HCD4.2	L16_6481	xGenUDI347-AGTCGACGTA-TGTTCCATGG	23788721	Human	PASSED	P20.stim
