SampleID	Donor_ID	Cell_type	X_count	Y_count	Sex_chrom_count	Karyotype	Sex	Age	Sample_source	GTC_ID	GTC_Run_ID	Barcode	Kallisto_directory
1	P1.mono	P1	mono	1	0	1	45X	F	45	NIH	L16_1722	171010_WIGTC-HISEQ2B_CBPG6ANXX	ATGTCAGA	P1.mono
2	P4.mono	P4	mono	1	0	1	45X	F	39	NIH	L16_1723	171010_WIGTC-HISEQ2B_CBPG6ANXX	CCGTCCCG	P4.mono
3	P5.mono	P5	mono	1	0	1	45X	F	34	NIH	L16_1724	171010_WIGTC-HISEQ2B_CBPG6ANXX	GTCCGCAC	P5.mono
4	P6.mono	P6	mono	1	0	1	45X	F	40	NIH	L16_1725	171010_WIGTC-HISEQ2B_CBPG6ANXX	GTGAAACG	P6.mono
5	P7.mono	P7	mono	1	0	1	45X	F	53	NIH	L16_1726	171010_WIGTC-HISEQ2B_CBPG6ANXX	CGATGT	P7.mono
8	C4.mono	C4	mono	2	0	2	46XX	F	46	NIH	L16_1718	171010_WIGTC-HISEQ2B_CBPG6ANXX	CAGATC	C4.mono
9	C5.mono	C5	mono	2	0	2	46XX	F	54	NIH	L16_1719	171010_WIGTC-HISEQ2B_CBPG6ANXX	CTTGTA	C5.mono
10	C6.mono	C6	mono	2	0	2	46XX	F	56	NIH	L16_1720	171010_WIGTC-HISEQ2B_CBPG6ANXX	AGTCAACA	C6.mono
11	C8.mono	C8	mono	1	1	2	46XY	M	30	NIH	L16_1721	171010_WIGTC-HISEQ2B_CBPG6ANXX	AGTTCCGT	C8.mono
12	P8.mono	P8	mono	2	1	3	47XXY	M	32	NIH	L16_1861	180323_WIGTC-HISEQ2A_CC1VYANXX	ATTACTCG-AGGCGAAG	P8.mono
13	P9.mono	P9	mono	2	1	3	47XXY	M	40	NIH	L16_1862	180323_WIGTC-HISEQ2A_CC1VYANXX	ATTACTCG-TAATCTTA	P9.mono
14	P10.mono	P10	mono	2	1	3	47XXY	M	29	NIH	L16_1863	180323_WIGTC-HISEQ2A_CC1VYANXX	ATTACTCG-CAGGACGT	P10.mono
15	P11.mono	P11	mono	2	1	3	47XXY	M	28	NIH	L16_1864	180323_WIGTC-HISEQ2A_CC1VYANXX	ATTACTCG-GTACTGAC	P11.mono
16	WHT7347.mono	WHT7347	mono	1	0	1	45X	F	31	MGH	L16_1897	180510_WIGTC-HISEQ3A_CCHH4ANXX	TCCGGAGA-TAATCTTA	WHT7347.mono
17	P16.mono	P16	mono	3	0	3	47XXX	F	29	NIH	L16_1895	180510_WIGTC-HISEQ3A_CCHH4ANXX	TCCGGAGA-GGCTCTGA	P16.mono
18	P12.mono	P12	mono	2	1	3	47XXY	M	26	NIH	L16_1891	180510_WIGTC-HISEQ3A_CCHH4ANXX	ATTACTCG-GTACTGAC	P12.mono
19	P15.mono	P15	mono	2	1	3	47XXY	M	28	NIH	L16_1894	180510_WIGTC-HISEQ3A_CCHH4ANXX	TCCGGAGA-CCTATCCT	P15.mono
20	P13.mono	P13	mono	1	2	3	47XYY	M	30	NIH	L16_1892	180510_WIGTC-HISEQ3A_CCHH4ANXX	TCCGGAGA-TATAGCCT	P13.mono
21	P14.mono	P14	mono	1	2	3	47XYY	M	57	NIH	L16_1893	180510_WIGTC-HISEQ3A_CCHH4ANXX	TCCGGAGA-ATAGAGGC	P14.mono
22	P17.mono	P17	mono	1	0	1	45X	F	32	NIH	D18-11223	181106Pag	CTGAAGCTTAATCTTA	P17.mono
23	C10.mono	C10	mono	2	0	2	46XX	F	38	NIH	D18-11245	181106Pag	TCCGCGAAGGCTCTGA	C10.mono
24	C11.mono	C11	mono	2	0	2	46XX	F	26	NIH	D18-11225	181106Pag	CTGAAGCTGTACTGAC	C11.mono
25	C9.mono	C9	mono	1	1	2	46XY	M	29	NIH	D18-11244	181106Pag	TCCGCGAACCTATCCT	C9.mono
26	P18.mono	P18	mono	2	1	3	47XXY	M	43	NIH	D18-11242	181106Pag	TCCGCGAATATAGCCT	P18.mono
27	P19.mono	P19	mono	2	1	3	47XXY	M	33	NIH	D18-11224	181106Pag	CTGAAGCTCAGGACGT	P19.mono
28	P20.mono	P20	mono	2	1	3	47XXY	M	53	NIH	D18-11243	181106Pag	TCCGCGAAATAGAGGC	P20.mono
29	P21.mono	P21	mono	2	1	3	47XXY	M	51	NIH	D18-11246	181106Pag	TCCGCGAAAGGCGAAG	P21.mono
30	P22.mono	P22	mono	2	1	3	47XXY	M	42	NIH	D18-11226	181106Pag	TAATGCGCTATAGCCT	P22.mono
31	P31.mono	P31	mono	1	0	1	45X	F	48	NIH	L16_2280	190819_WIGTC-HISEQ3B_CE0AWANXX	TCCGGAGA-CAGGACGT	P31.mono
32	P30.mono	P30	mono	1	0	1	45X	F	64	NIH	L16_2302	190819_WIGTC-HISEQ3B_CE0AWANXX	GAGATTCC-CAGGACGT	P30.mono
33	C14.mono	C14	mono	2	0	2	46XX	F	48	NIH	L16_2314	190819_WIGTC-HISEQ3B_CE0AWANXX	ATTCAGAA-CAGGACGT	C14.mono
34	C15.mono	C15	mono	2	0	2	46XX	F	34	NIH	L16_2322	190819_WIGTC-HISEQ3B_CE0AWANXX	GAATTCGT-GTACTGAC	C15.mono
35	C12.mono	C12	mono	1	1	2	46XY	M	26	NIH	L16_2275	190819_WIGTC-HISEQ3B_CE0AWANXX	ATTCAGAA-TAATCTTA	C12.mono
36	C16.mono	C16	mono	1	1	2	46XY	M	48	NIH	L16_2328	190819_WIGTC-HISEQ3B_CE0AWANXX	ATTCAGAA-TAATCTTA	C16.mono
37	C13.mono	C13	mono	1	1	2	46XY	M	40	NIH	L16_2332	190819_WIGTC-HISEQ3B_CE0AWANXX	ATTACTCG-CAGGACGT	C13.mono
38	P24.mono	P24	mono	3	0	3	47XXX	F	23	NIH	L16_2303	190819_WIGTC-HISEQ3B_CE0AWANXX	ATTCAGAA-CAGGACGT	P24.mono
39	P37.mono	P37	mono	3	0	3	47XXX	F	20	NIH	L16_2305	190819_WIGTC-HISEQ3B_CE0AWANXX	TCCGGAGA-TAATCTTA	P37.mono
40	P28.mono	P28	mono	2	1	3	47XXY	M	29	NIH	L16_2273	190819_WIGTC-HISEQ3B_CE0AWANXX	TCCGGAGA-TAATCTTA	P28.mono
41	P25.mono	P25	mono	2	1	3	47XXY	M	32	NIH	L16_2279	190819_WIGTC-HISEQ3B_CE0AWANXX	ATTACTCG-CAGGACGT	P25.mono
42	P29.mono	P29	mono	2	1	3	47XXY	M	38	NIH	L16_2282	190819_WIGTC-HISEQ3B_CE0AWANXX	ATTCAGAA-CAGGACGT	P29.mono
43	P27.mono	P27	mono	2	1	3	47XXY	M	41	NIH	L16_2292	190819_WIGTC-HISEQ3B_CE0AWANXX	TAATGCGC-GTACTGAC	P27.mono
44	P34.mono	P34	mono	2	1	3	47XXY	M	38	NIH	L16_2295	190819_WIGTC-HISEQ3B_CE0AWANXX	GAGATTCC-TAATCTTA	P34.mono
45	P32.mono	P32	mono	2	1	3	47XXY	M	22	NIH	L16_2307	190819_WIGTC-HISEQ3B_CE0AWANXX	ATTCAGAA-TAATCTTA	P32.mono
46	P40.mono	P40	mono	2	1	3	47XXY	M	19	NIH	L16_2312	190819_WIGTC-HISEQ3B_CE0AWANXX	TCCGGAGA-CAGGACGT	P40.mono
47	P35.mono	P35	mono	2	1	3	47XXY	M	21	NIH	L16_2319	190819_WIGTC-HISEQ3B_CE0AWANXX	TCCGGAGA-GTACTGAC	P35.mono
49	P38.mono	P38	mono	2	1	3	47XXY	M	52	NIH	L16_2330	190819_WIGTC-HISEQ3B_CE0AWANXX	CTGAAGCT-TAATCTTA	P38.mono
51	P33.mono	P33	mono	2	1	3	47XXY	M	39	NIH	L16_2334	190819_WIGTC-HISEQ3B_CE0AWANXX	GAGATTCC-CAGGACGT	P33.mono
52	P23.mono	P23	mono	1	2	3	47XYY	M	21	NIH	L16_2281	190819_WIGTC-HISEQ3B_CE0AWANXX	GAGATTCC-CAGGACGT	P23.mono
53	P26.mono	P26	mono	1	2	3	47XYY	M	18	NIH	L16_2296	190819_WIGTC-HISEQ3B_CE0AWANXX	ATTCAGAA-TAATCTTA	P26.mono
54	P41.mono	P41	mono	1	2	3	47XYY	M	18	NIH	L16_2321	190819_WIGTC-HISEQ3B_CE0AWANXX	ATTCAGAA-GTACTGAC	P41.mono
56	P45.mono	P45	mono	2	1	3	47XXY	M	33	NIH	L16_2375	190925_WIGTC-HISEQ3A_CE1PYANXX	CGGCTATG-TATAGCCT	P45.mono
57	C18.mono	C18	mono	2	0	2	46XX	F	24	NIH	L16_2376	190925_WIGTC-HISEQ3A_CE1PYANXX	TCCGCGAA-TATAGCCT	C18.mono
58	P44.mono	P44	mono	2	1	3	47XXY	M	23	NIH	L16_2380	190925_WIGTC-HISEQ3A_CE1PYANXX	GAATTCGT-ATAGAGGC	P44.mono
59	C19.mono	C19	mono	2	0	2	46XX	F	20	NIH	L16_2381	190925_WIGTC-HISEQ3A_CE1PYANXX	CTGAAGCT-ATAGAGGC	C19.mono
60	C20.mono	C20	mono	1	1	2	46XY	M	52	NIH	L16_2383	190925_WIGTC-HISEQ3A_CE1PYANXX	CGGCTATG-ATAGAGGC	C20.mono
61	P42.mono	P42	mono	2	1	3	47XXY	M	56	NIH	L16_2384	190925_WIGTC-HISEQ3A_CE1PYANXX	TCCGCGAA-ATAGAGGC	P42.mono
62	C006P.mono	C006P	mono	1	1	2	46XY	M	25	BCH	L16_2758	210312_WIGTC-NOVASEQ1A_AHTW5GDMXX	TCCGGAGA-TATAGCCT	C006P.mono
63	C007G.mono	C007G	mono	1	1	2	46XY	M	26	BCH	L16_2760	210312_WIGTC-NOVASEQ1A_AHTW5GDMXX	GAGATTCC-TATAGCCT	C007G.mono
64	C013G.mono	C013G	mono	2	0	2	46XX	F	30	BCH	L16_2764	210312_WIGTC-NOVASEQ1A_AHTW5GDMXX	TAATGCGC-TATAGCCT	C013G.mono
65	C014G.mono	C014G	mono	1	1	2	46XY	M	25	BCH	L16_2768	210312_WIGTC-NOVASEQ1A_AHTW5GDMXX	AGCGATAG-TATAGCCT	C014G.mono
66	P46.mono	P46	mono	1	1	2	46XY	M	35	NIH	L16_2772	210312_WIGTC-NOVASEQ1A_AHTW5GDMXX	GAGATTCC-ATAGAGGC	C21.mono
68	C23.mono	C23	mono	2	0	2	46XX	F	47	NIH	L16_2776	210312_WIGTC-NOVASEQ1A_AHTW5GDMXX	TAATGCGC-ATAGAGGC	C23.mono
69	C24.mono	C24	mono	1	1	2	46XY	M	55	NIH	L16_2778	210312_WIGTC-NOVASEQ1A_AHTW5GDMXX	TCCGCGAA-ATAGAGGC	C24.mono
70	C25.mono	C25	mono	2	0	2	46XX	F	50	NIH	L16_2780	210312_WIGTC-NOVASEQ1A_AHTW5GDMXX	AGCGATAG-ATAGAGGC	C25.mono
71	C26.mono	C26	mono	2	0	2	46XX	F	55	NIH	L16_2782	210312_WIGTC-NOVASEQ1A_AHTW5GDMXX	TCCGGAGA-CCTATCCT	C26.mono
72	C21.mono	C21	mono	1	0	1	45X	F	36	NIH	L16_2784	210312_WIGTC-NOVASEQ1A_AHTW5GDMXX	GAGATTCC-CCTATCCT	P46.mono
73	P47.mono	P47	mono	1	0	1	45X	F	48	NIH	L16_2786	210312_WIGTC-NOVASEQ1A_AHTW5GDMXX	GAATTCGT-CCTATCCT	P47.mono
74	P48.mono	P48	mono	2	1	3	47XXY	M	26	NIH	L16_2788	210312_WIGTC-NOVASEQ1A_AHTW5GDMXX	TAATGCGC-CCTATCCT	P48.mono
76	P52.mono	P52	mono	1	2	3	47XYY	M	25	NIH	L16_2796	210312_WIGTC-NOVASEQ1A_AHTW5GDMXX	GAGATTCC-GGCTCTGA	P52.mono
77	P53.mono	P53	mono	1	0	1	45X	F	59	NIH	L16_2798	210312_WIGTC-NOVASEQ1A_AHTW5GDMXX	GAATTCGT-GGCTCTGA	P53.mono
78	WHT7559.mono	WHT7559	mono	2	1	3	47XXY	M	17	BCH	L16_2802	210312_WIGTC-NOVASEQ1A_AHTW5GDMXX	TCCGCGAA-GGCTCTGA	WHT7559.mono
79	WHT7645.mono	WHT7645	mono	1	0	1	45X	F	17	BCH	L16_2804	210312_WIGTC-NOVASEQ1A_AHTW5GDMXX	AGCGATAG-GGCTCTGA	WHT7645.mono
